{"[2,0,0,0,0,2,0,0]":{"3":-12.62038260335158,"5":93.6303972670249},"[2,0,0,0,0,0,0,0]":{"0":108.25647003192076,"1":-97.79465525783962,"2":28.896345323797775,"3":-10.613065346079038,"4":62.75833235225419,"5":93.42470859202498,"6":-86.84702492185352,"7":-45.46962509505314},"[2,1,0,0,0,0,0,0]":{"0":110.77677279304223,"1":-91.07791356021401,"2":23.124588037545617,"3":-13.498742129237144,"4":72.11552356496941,"5":88.4588998448342,"6":-77.12693734187269,"7":-59.44043569663518},"[2,2,2,0,0,0,0,0]":{"4":92.9485283315664,"7":-76.6737864317366},"[2,2,0,0,0,0,0,0]":{"5":63.91779205737361},"[2,1,2,0,0,0,0,0]":{"0":110.67030729179695,"1":-90.90501710239266,"2":21.67574894897457,"3":-5.773505647446649,"4":69.17936218877003,"5":89.9029552713251,"6":-68.22951365189223,"7":-55.010623557954005},"[2,2,1,0,0,0,0,0]":{"4":91.38765667052282},"[2,1,1,0,0,0,0,0]":{"0":110.37463046559849,"1":-89.34417046015295,"2":12.014048176455631,"3":5.946981648438955,"4":81.65799529766528,"5":-3151.9133186793865,"6":-60.54013091451206,"7":-56.19156462091453},"[2,1,0,0,2,0,0,0]":{"3":-9.700002792119307,"4":78.54700633995037,"7":-70.34399339003863},"[2,1,2,0,2,0,0,0]":{"0":98.74612975592754,"1":-92.5041896223562,"3":1.0103354392093828,"7":-59.44651609609074},"[3,1,0,0,0,0,0,0]":{"0":103.46606702548864,"1":-98.47966596165588,"2":19.773441655912393,"3":-14.102361172621894,"4":71.12617632659112,"5":79.88277268275215,"6":-70.10152373225401,"7":-61.63770048832037},"[3,1,2,0,0,0,0,0]":{"0":109.6958784627405,"1":-88.88295641293274,"2":27.259800074658457,"3":-19.3761143038893,"4":69.35295343646764,"5":95.70483658127955,"6":-76.51505614128601,"7":-60.14060630194634},"[3,1,0,0,0,2,0,0]":{"0":110.16338757175066,"3":4.6964009688862545},"[3,1,0,0,0,0,0,2]":{"5":73.85684976173033},"[4,1,0,0,0,0,0,0]":{"0":10000,"1":-97.55385295655742,"2":47.46134019638844,"3":-11.209274255486633,"4":46.28275026764548,"5":87.97817297357051,"6":-13.99387110487783,"7":-75.5168704402331},"[4,1,0,0,2,0,0,0]":{"4":96.04843390022809},"[4,1,0,0,0,0,2,0]":{"2":-18.809576081703366,"5":53.48135089877371,"6":-49.97952807743543,"7":-81.69756718665678},"[4,1,0,0,0,0,1,0]":{"0":110.69465317228665,"2":-9.841234544067659,"4":50.00234263758676,"6":-61.425906870760045,"7":-1.720577424495496},"[2,1,0,0,0,2,0,0]":{"0":110.43376610895938,"1":-89.22615915715288,"2":5.965224932552817,"7":-64.30698123714724},"[2,1,0,0,0,0,0,2]":{"2":2.217724555333368,"4":69.83419543484499,"6":-61.74012299719007},"[4,2,0,2,0,0,0,0]":{"4":2368.2884820537124,"5":303.1322334519341},"[2,1,0,0,0,0,2,0]":{"3":-2.9887721557802505,"4":67.1591573290613,"6":-72.98799812675082,"7":-62.503149248601076},"[3,1,1,0,0,0,0,0]":{"0":110.41525454297528,"1":-94.84142629850245,"2":17.763854548510466,"3":-2.0922750004624437,"4":61.10411556053934,"5":95.22179089671407,"6":-82.00023696258268,"7":-52.6568092960986},"[3,1,0,0,2,0,0,0]":{"0":110.91814145882404,"2":22.55628623315937,"3":30.07624259438033},"[4,1,0,2,0,0,0,0]":{"0":126.7364013228752,"3":87.40467183364325,"5":93.12709344520998,"6":-42.012658728298426,"7":-30.76186563206396},"[4,1,2,0,0,0,0,0]":{"0":110.60883305889966,"1":-86.74690998445799,"2":13.466967356347403,"3":18.322590380525934,"4":46.86107530920117,"5":89.41896803772501,"6":-64.21042548585484,"7":-75.57705671054964},"[3,1,2,0,0,2,0,0]":{"2":15.86047235721294,"3":4.325516280109644,"4":72.01687972176478,"7":-54.590892489352186},"[3,1,2,0,0,1,0,0]":{"1":-90.06403637114963,"2":21.12283570536981,"3":-13.383625457584087,"4":-72.14720201343891,"6":-67.85772947373707},"[2,1,0,0,0,0,0,1]":{"0":110.11349862577705,"1":-91.82444939365159,"2":-2.0294007145849506,"3":-7.717513105707013,"5":79.83949541626043,"6":-72.90979060328603,"7":-69.2516201121724},"[3,1,0,2,0,0,0,0]":{"0":107.31147612559636,"2":11.627591931359321,"5":98.07272040851674},"[4,1,1,0,0,0,0,0]":{"0":602.9560995974971,"1":-88.06840623431525,"2":716.6992978695001,"3":-27.023388248639094,"4":93.27812601004459,"5":155.0171019745573,"6":-65.25804241186829,"7":-56.8762024947182},"[4,1,2,0,0,1,0,0]":{"1":-90.47498501877321,"2":10.016618798640954,"3":-12.686655741265566,"4":-19984.875530665675},"[2,1,2,0,0,0,2,0]":{"0":110.36306288291436,"6":-68.89387014625966},"[2,1,0,0,2,0,2,0]":{"0":111.05832062610732},"[3,1,0,0,1,0,0,0]":{"0":107.38712212506815,"2":21.56931758122581,"3":-15.24570576340796,"4":73.08069563165492,"5":-62.38244365180549,"6":-69.91105406966128,"7":-39.62407423616958},"[3,1,0,0,0,0,2,0]":{"4":75.7997279455148,"7":-58.28372041355305},"[3,0,1,0,0,0,0,0]":{"0":-542.28596939036,"1":-86.51850116247874,"2":30.795720248754037,"3":-22.290436231331782,"6":-86.0673938317403},"[3,1,0,0,0,1,0,0]":{"0":109.77354054797374,"1":-88.42216517452928,"2":13.616503310846301,"3":-8.757858324282179,"4":-19989.870258767864,"5":88.17043478786096,"6":-57.81829907213863,"7":-39.51097827348206},"[2,1,0,0,0,1,0,0]":{"0":111.07179678438902,"1":-88.2200267809904,"2":21.954396817587597,"4":-697.020987465999,"5":87.48131393906179,"6":-70.81365279667568},"[3,1,0,0,0,0,1,0]":{"0":110.36734445828904,"1":-88.02623947860008,"2":39.851515081830584,"4":65.3319090677067,"5":81.82362318327272,"6":-70.24357778400353},"[3,1,1,0,0,0,0,2]":{"5":-565.4936236121312},"[3,1,0,0,1,0,0,2]":{"1":-92.08075880019818,"6":-67.31623728751032},"[4,1,0,0,1,0,0,0]":{"1":-92.0300852556295,"3":-4.885344373027945,"4":78.53938799566646,"6":50.085527274349914},"[2,0,0,1,0,0,0,0]":{"3":-11.953550323087041,"5":92.16820233513423},"[2,1,0,2,0,0,0,0]":{"4":72.89293105790591,"7":-50.570036081700295},"[4,1,0,0,0,2,0,0]":{"4":67.46355778978912},"[3,2,0,0,0,0,0,0]":{"3":23.995127220374194},"[3,1,1,0,0,2,0,0]":{"3":17.4972336513194},"[3,1,1,0,0,1,0,0]":{"3":-782.6675121664236,"4":-596.241237891003,"5":-19989.811698398695,"7":-58.63947684769154},"[3,1,2,0,0,0,0,2]":{"4":80.783205665136},"[3,1,2,2,0,0,0,0]":{"5":95.73022729535774,"6":-70.28472260219242},"[3,1,0,0,0,0,0,1]":{"0":110.56565802969291,"2":16.583216795247562,"3":5.788582450689759,"4":65.74633071560781,"5":93.91939294192484,"6":-64.99125081589172,"7":-56.50540704822044},"[2,0,0,0,2,0,0,0]":{"0":100.68169941114886,"3":-11.675032303467265,"4":64.04015266952005,"7":-49.13776058726671},"[2,0,2,0,0,0,2,0]":{"2":23.05598051073506},"[2,1,2,0,0,0,1,0]":{"0":109.518547612686},"[2,1,0,2,0,2,0,0]":{"0":109.28373590201497,"4":59.36534754682399},"[2,0,1,0,0,0,2,0]":{"6":-83.04613070294226,"7":-53.97821684689639},"[2,1,2,0,0,0,0,2]":{"1":-87.75859941746846,"2":20.200506509507218,"7":-54.95643802829764},"[2,1,0,0,1,0,0,0]":{"0":110.77643675539542,"1":-88.49587480683903,"2":21.762158591801025,"3":10.268424686771402,"4":81.44375432813095,"6":-58.32341336790095,"7":-59.174571138748675},"[3,0,0,0,0,0,0,0]":{"0":106.71836071154978,"1":-85.94541521943327,"2":39.81609221616833,"3":-26.922842757838918,"4":47.40079802378261,"5":98.24949133813334,"6":-78.36633052668844,"7":-50.24107826258842},"[3,0,2,0,0,0,0,0]":{"1":-83.1757070831178,"2":33.37222415506121,"3":-16.52212690875262,"4":53.76939384242407,"5":99.91526206058967,"6":-76.52950250959582,"7":-37.75739391567095},"[3,0,0,0,0,2,0,0]":{"5":105.58571057023934,"7":-25.397027677395783},"[3,0,0,0,0,0,0,2]":{"2":56.473589818262795},"[4,0,1,0,0,0,0,0]":{"0":-19190.422172846535,"1":-80.31380090225382,"4":-760.6381628261448,"5":105.4556622653362,"7":-31.59733743619345},"[3,0,2,0,0,2,0,0]":{"4":48.08751315878523},"[3,0,1,0,2,0,0,2]":{"3":-20.199655451224544},"[3,0,0,0,2,0,0,1]":{"0":101.12344814985471,"2":42.846481224844034,"6":-84.20068841673783},"[3,0,2,0,0,1,0,0]":{"4":54.39517299766703},"[3,0,0,2,2,0,0,0]":{"5":100.90758943259473,"6":-80.56781483807524},"[3,0,0,0,0,0,1,0]":{"5":96.82279446453063},"[2,1,1,0,0,2,0,0]":{"4":74.68873786761795},"[2,1,1,0,2,0,0,0]":{"0":106.87594069854234,"3":-17.968781344778108},"[2,1,0,0,2,1,0,0]":{"0":110.70000561538663},"[3,1,2,0,0,0,2,1]":{"0":110.5441666566742,"6":-66.28951189571363},"[3,1,1,2,0,0,2,0]":{"0":110.30875067855038,"3":0.08915938563989532},"[4,1,0,0,0,0,0,2]":{"2":37.62206384617241,"3":-29.352830266359447},"[3,0,0,0,1,0,0,0]":{"1":-89.43672885870393,