{"[1,0,0,0,0,0,0]":{"0":487.13064962317577,"1":295.8113818963375,"2":384.62993533921906,"3":408.48458568404044,"4":462.83973704279146,"5":446.3523314122176},"[1,0,1,0,0,0,0]":{"4":64.62469926898757,"5":-20000},"[1,0,1,0,0,1,1]":{"3":-9.68724145365195,"4":-20000,"5":-20000},"[0,0,0,0,0,0,0]":{"0":478.1612894242676,"1":285.965796985641,"2":393.08472987240623,"3":354.55802321695796,"4":405.4092190941956,"5":472.72085647227186},"[0,0,1,1,0,1,0]":{"5":-20000},"[1,1,0,0,0,0,0]":{"0":489.4642808966545,"1":293.8040718362079,"2":410.8608906576767,"3":370.7732037483968,"4":447.4150923811678,"5":475.3950086002805},"[1,0,1,1,0,1,0]":{"4":57.41128328031118,"5":-20000},"[1,-1,0,0,0,0,0]":{"0":489.3940732362944,"1":293.93460334772544,"2":371.50528573034217,"3":414.50680774342663,"4":477.15097212462024,"5":444.83699402856473},"[0,0,0,1,0,0,0]":{"5":-20000},"[1,0,1,0,0,1,0]":{"5":-20000},"[1,0,0,1,0,1,0]":{"5":-20000},"[1,1,1,1,0,1,0]":{"5":-20000},"[0,0,0,0,1,0,1]":{"5":475.11489347661063},"[0,0,0,0,1,0,0]":{"5":475.1046277021769},"[1,0,1,1,0,1,1]":{"4":-20000,"5":-20000}}