{"[1,-1,0,0,0,0,0]":{"0":482.23143027724313,"1":288.25427367301455,"2":364.1694956744712,"3":161.60262033346007,"4":312.11878498631955,"5":297.3979182426751,"6":469.1248634471729,"7":434.8294363652237},"[1,-1,1,0,0,1,0]":{"0":-19756.033700670432,"1":271.4934949781425,"2":245.59946586247958,"3":306.5668876198894,"4":235.56345040701427,"5":268.0232533719771,"6":346.89522492708807,"7":-19740.893430932025},"[1,1,0,0,0,0,0]":{"0":476.9988940843508,"1":289.2040047978169,"2":409.54770556999694,"3":366.4343021111746,"4":305.24517052960306,"5":334.32682783940425,"6":435.76698174432283,"7":465.70239821636744},"[1,0,0,0,0,0,0]":{"0":489.5791045281324,"1":-98.97028961499745,"2":376.9851416573656,"3":86.59636774372666,"4":2.9185309986867765,"5":-60.34065980085143,"6":412.0425517009948,"7":467.81547015645776},"[1,0,0,0,0,0,1]":{"0":323.54903386835974,"1":-20.396999069186123,"2":321.8795980364667,"3":320.0905708572986,"4":288.99945760337124,"5":307.7485265188203,"6":-19753.61400149472,"7":329.8898776826598},"[0,0,0,0,0,0,0]":{"0":319.2159213613454,"1":-94.81546672506738,"2":26.822130212275624,"3":-31.118125046218665,"4":-89.0174217275844,"5":-48.27531351116704,"6":281.1605243532796,"7":233.19899051133135},"[0,0,1,0,0,1,1]":{"0":-19850.783203385716,"1":106.70038500058877,"2":216.87295861862583,"3":250.1795014761732,"4":272.9801645255365,"5":280.813273617581,"6":-19769.804592576435,"7":-19783.788521456816},"[1,0,1,0,0,1,1]":{"0":-19794.807228843354,"1":291.66653538979034,"2":270.6111213632462,"3":238.59287834048743,"4":268.5798606517337,"5":203.42621491013364,"6":-19744.4903910711,"7":-19753.604537864838},"[1,0,1,0,1,1,1]":{"0":-19778.898760557968,"1":220.3862360454351,"2":241.51669460267763,"3":-19797.759330093402,"4":223.81759586313268,"5":217.56373996986792,"6":-19771.759094436362,"7":-19763.217846587828},"[0,0,1,0,0,0,1]":{"0":-19801.1016459199,"1":279.09149510670295,"2":351.5745445031343,"3":250.33159556703816,"4":185.99871186159845,"5":284.8081987111442,"6":-19840.587269495256,"7":296.0233887691837},"[0,0,1,0,1,1,1]":{"0":-19843.586519439214,"1":282.3755154434852,"2":255.97366553451644,"3":-19775.277613171314,"4":291.560077613094,"5":288.14877000645623,"6":-19829.128881048902,"7":-19797.24124870215},"[0,0,0,0,0,0,1]":{"0":322.32816456855005,"1":298.2003630810574,"2":227.1620628046083,"3":307.95918487611516,"4":209.6190997973996,"5":299.6845333075069,"6":-19671.350456311975,"7":301.5833769467616},"[1,1,0,1,0,1,0]":{"0":452.33906534534276,"1":294.0043670156631,"2":-19654.038164296257,"3":360.64095222368013,"4":299.01461791967705,"5":-19671.970046301158,"6":429.8115810064256,"7":-19612.89822266061},"[1,0,1,0,0,1,0]":{"0":-19765.92883008542,"1":-19.28226193625723,"2":198.94166827797045,"3":316.23833516187096,"4":15.794020602055753,"5":231.57108116104416,"6":299.3714428016017,"7":-19795.52928770673},"[1,0,1,0,0,0,1]":{"0":-19768.831704477703,"1":269.4098143345273,"2":235.76793698329442,"3":253.41267877207017,"4":309.81340584476163,"5":296.96240313231084,"6":-19750.119812589623,"7":413.82944815491743},"[1,0,1,0,1,0,1]":{"0":-19730.14488792428,"1":204.43480438914156,"2":279.37753604289395,"3":-19787.06939705201,"4":293.0935642858391,"5":315.7761881806626,"6":-19757.267069048496,"7":393.85244618732145},"[1,-1,1,0,1,0,1]":{"0":-19671.560851533235,"1":292.267858265959,"2":326.83225952234676,"3":-20000,"4":-19660.28463990994,"5":285.0492813494692,"6":-19774.508963222816,"7":441.91852435231516},"[1,-1,0,0,1,0,1]":{"0":481.96695352564336,"1":288.044120767051,"2":361.3912960639152,"3":-19740.0318900286,"4":-19649.247158324433,"5":295.80008794538406,"6":-19679.408877197107,"7":436.7787847722642},"[1,-1,0,0,0,0,1]":{"0":451.0371703477318,"1":290.5983260373371,"2":360.09729125084215,"3":369.1686339936065,"4":250.51971050440642,"5":304.8878282204865,"6":433.60170295942265,"7":417.2776479054172},"[0,-1,0,0,0,0,0]":{"0":426.09353684709026,"1":293.4810177812876,"2":344.37907156442,"3":379.0025118812539,"4":349.35775655970195,"5":285.52988205865927,"6":233.09188969400495,"7":415.0001045412555},"[0,0,1,0,0,1,0]":{"0":-19813.270635163055,"1":275.4933053769451,"2":200.2617315059662,"3":228.83350590400246,"4":213.6901665355312,"5":217.81352975862643,"6":266.53477740045344,"7":-20000},"[1,0,1,0,0,0,0]":{"0":-19761.26972374167,"1":242.44404072106357,"2":278.2986771777591,"3":336.2479334657173,"4":295.88551541546735,"5":5.826035787429646,"6":289.74975033123917,"7":278.8513869961047},"[1,-1,0,0,0,1,0]":{"0":472.5990822557553,"1":290.3506562605775,"2":261.41471303235846,"3":406.6140546178973,"4":290.0795869752285,"5":295.54401631787954,"6":282.0267955726416,"7":-19796.594316951494},"[1,-1,1,0,0,1,1]":{"0":-19845.55505246673,"1":286.93924773075014,"2":217.59360416551237,"3":256.2160795506071,"4":330.0785070676104,"5":237.39749182526606,"6":345.340718924351,"7":-19825.957722465686},"[1,1,0,0,0,1,0]":{"0":278.6836742203203,"1":291.2787625545472,"2":347.33573071737675,"3":360.36225673198675,"4":297.2936990971694,"5":313.33803138025144,"6":445.69573512678164,"7":-19648.642230980346},"[1,1,1,1,0,1,0]":{"0":-19673.016585974907,"1":266.7554807204217,"2":-19778.681058408143,"3":340.46895029715745,"4":272.6467113394366,"5":-19693.8039625457,"6":413.58340099129674,"7":-19658.906154107684},"[1,0,1,1,0,1,1]":{"0":-19837.955416031404,"1":254.85037294608486,"2":-19760.543342554072,"3":206.90310805290702,"4":275.22357938699173,"5":171.83790949625737,"6":-19790.566453615265,"7":-19763.666022354388},"[0,-1,0,0,0,0,1]":{"0":417.2346774205125,"1":272.1117075045211,"2":334.3538639078031,"3":338.9577025500725,"4":302.46595398331624,"5":283.29356023099245,"6":-19659.76428197201,"7":336.23815680598693},"[0,-1,0,0,1,0,1]":{"0":416.50082163356103,"1":279.79132564676183,"2":322.6126300356959,"3":-19682.17936525001,"4":303.36106007039234,"5":276.8735293176294,"6":-19678.445141588527,"7":367.0088609964964},"[0,0,0,0,1,0,1]":{"0":469.89552276294467,"1":294.71592374657257,"2":352.8913814685775,"3":-19737.45351600604,"4":-19621.522963013613,"5":335.66672453023233,"6":-19622.184748885713,"7":460.0222212176023},"[1,1,1,0,0,0,1]":{"0":-19686.349541583237,"1":287.9849094969736,"2":277.5014003938398,"3":270.843014851696,"4":230.43788239556966,"5":338.4462154706094,"6":-19823.945842452333,"7":382.47116312126354},"[0,0,1,1,0,1,1]":{"0":-19745.18139591014,"1":229.4722883961553,"2":-19741.935356347018,"3":208.84959374737298,"4":266.2586637810657,"5":252.0916987291202,"6":-19805.7300637082,"7":-19816.44383386265},"[0,0,1,1,0,1,0]":{"0":-19766.461941077643,"1":233.31536143378952,"2":-19820.019295508515,"3":335.897506790352,"4":278.02476460732845,"5":200.4556134213953,"6":400.1445607257126,"7":-19737.23018615381},"[1,-1,1,1,0,1,1]":{"0":-19835.214808068857,"1":250.1117195927764,"2":-19684.45472878408,"3":213.43070692327032,"4":323.73453496751864,"5":226.46637243986765,"6":-19778.387597759724,"7":-19839.27162836066},"[0,0,0,0,0,1,0]":{"0":312.38066945519387,"1":-19.85696354192396,"2":233.41914770898723,"3":223.3247876032564,"4":137.9043951371807,"5":248.230173329156,"6":294.5483063275818,"7":-19746.126891755528},"[1,0,0,0,0,1,0]":{"0":319.97075083401865,"1":223.0713756875778,"2":255.57560407983857,"3":405.18654492009557,"4":-6.064433619247936,"5":303.9884474882635,"6":354.5746118644018,"7":411.5919601534563},"[0,1,0,0,0,0,0]":{"0":471.09862189979344,"1":-78.56340497798055,"2":411.05452802784566,"3":-61.6398963458837,"4":249.78903841764276,"5":340.55576539896447,"6":382.6352687356591,"7":472.1944511935297},"[0,-1,0,0,1,0,0]":{"0":417.9214591525827,"1":288.01163890811387,"2":345.5200798429719,"3":-19624.096481982182,"4":-19670.253626802194,"5":283.46799221248943,"6":417.55795763080073,"7":373.0592885677786},"[0,0,0,0,1,0,0]":{"0":353.96846308633377,"1":289.093924005841,"2":232.01404938124716,"3":-19612.196886475613,"4":-19636.41290603774,"5":277.1278914029242,"6":371.0716497380438,"7":416.56618686092355},"[0,1,1,0,1,0,1]":{"0":-19631.317533585043,"1":302.9251660776936,"2":360.43601844157877,"3":-19706.184204559664,